"test_case","r_boxplot_stats","my_function","verdict"
"hand-checkable example","999","999","AGREE"
"clean, no outliers","(none)","(none)","AGREE"
"one high outlier","999","999","AGREE"
"one low outlier","-500","-500","AGREE"
"outliers on both sides","-1000,  1000","-1000,  1000","AGREE"
"contains NA","999","999","AGREE"
"all values identical","(none)","(none)","AGREE"
"only two observations","(none)","(none)","AGREE"
"single observation","(none)","(none)","AGREE"
"ties and decimals","40","40","AGREE"
"realistic revenue"," 90.71,  92.23,  94.41, 100.40, 114.82, 141.31"," 90.71,  92.23,  94.41, 100.40, 114.82, 141.31","AGREE"
"empty vector","(none)","(error)","n/a"
"all NA","(none)","(error)","n/a"
"text instead of numbers","(error)","(error)","n/a"
