"check","result"
"AI version 1: cases that raised an error","2 of 14"
"AI version 1: cases that silently returned NA","1 of 14"
"AI version 1: errors that named the wrong argument","0 of 14"
"Final version: tests passed","14"
"Final version: tests failed","0"
"Cross-check vs boxplot.stats(): agree","11"
"Cross-check vs boxplot.stats(): differ","0"
"Of 1000 random vectors, type 7 differs from Tukey's hinges","521 (52.1%)"
"Hand spot-check","PASS"
"coef argument honoured","yes"
"Average seconds per call, 10,002 values","0.00085"
